internal_code,supplier_code,name,category_code,unit_type,stock,min_stock,purchase_price,sale_price,status,source
MM-FIJ-000001,ADG015,"COFLEX, DE LOS TORNILLOS GYSON, AMARILLOS Y CLAVOS, ALDABA GALVANIZADA 1.5"" UYUSTOOLS (CAJA",FIJ,UND,6.00,3,0.00,14.50,ACTIVE,PDF Cotizacion
MM-FIJ-000002,ADG002,"CONTIENE 24 UNIDADES) ALDABA GALVANIZADA 2"" UYUSTOOLS (CAJA CONTIENE",FIJ,UND,6.00,3,0.00,22.36,ACTIVE,PDF Cotizacion
MM-FIJ-000003,ADG055,"24) ALDABA GALVANIZADA 5.5"" UYUSTOOLS (CAJA DE 12",FIJ,UND,3.00,3,0.00,56.00,ACTIVE,PDF Cotizacion
MM-GEN-000001,ALICATE,"DE COMBINACION DE 8"" CLEVER",GEN,UND,3.00,3,0.00,80.00,ACTIVE,PDF Cotizacion
MM-HER-000001,ALC6D15,"ALICATE DE CORTE DE 6"""" UYUSTOOLS (CAJA DE 6",HER,UND,3.00,3,0.00,106.00,ACTIVE,PDF Cotizacion
MM-FIJ-000004,AMR145,"AMARRA PLASTICA 4.8X25MM NEGRA 10"""" UYUSTOLS",FIJ,UND,3.00,3,0.00,89.20,ACTIVE,PDF Cotizacion
MM-FIJ-000005,AMR103,"AMARRA PLASTICA 2.5 X 160 6"" NEGRA UYUSTOOL",FIJ,UND,3.00,3,0.00,28.35,ACTIVE,PDF Cotizacion
MM-FIJ-000006,AMR148,"(BOLSA 100 PCS) AMARRA PLASTICA 4.8X450MM 18"""" NEGRA",FIJ,UND,2.00,3,0.00,195.00,ACTIVE,PDF Cotizacion
MM-ELE-000001,INT04F,APAGADOR DE TORTUGA FYY,ELE,UND,12.00,3,0.00,15.90,ACTIVE,PDF Cotizacion
MM-GEN-000002,PBOX,ARO DE REPELLO SENCILLO 2X4 METALICO FEDERALLI,GEN,UND,6.00,3,0.00,10.00,ACTIVE,PDF Cotizacion
MM-FIJ-000007,BI325DD,BISAGRA DORADA 3X2.5X2.5 UYUSTOOLS,FIJ,UND,3.00,3,0.00,67.10,ACTIVE,PDF Cotizacion
MM-FIJ-000008,BID01W,"BISAGRA DORADA DOBLE 1"" FYY (1""x1.5"")",FIJ,UND,6.00,3,0.00,15.04,ACTIVE,PDF Cotizacion
MM-FIJ-000009,BID15W,"BISAGRA DORADA DOBLE 1.5"" FYY (1.5""x2"")",FIJ,UND,6.00,3,0.00,17.30,ACTIVE,PDF Cotizacion
MM-FIJ-000010,BIR135U,BISAGRA ESCONDIDA 35MM CURVA UYUSTOOLS,FIJ,UND,6.00,3,0.00,29.75,ACTIVE,PDF Cotizacion
MM-GEN-000003,BIR35U,BISASGRA ESCONDIDA 35MM RECTA UYUSTOOLS,GEN,UND,6.00,3,0.00,28.35,ACTIVE,PDF Cotizacion
MM-GEN-000004,ASP37,"BOMBA DE AGUA AUTOCEBANTE 1/2"" HP NARANJA",GEN,UND,1.00,3,0.00,1666.56,ACTIVE,PDF Cotizacion
MM-ELE-000002,A60-9W,CLEVER FEDERALLI BOMBILLO LED 9W MARCA POWER BASE BLANCAE-27,ELE,UND,10.00,3,0.00,28.00,ACTIVE,PDF Cotizacion
MM-ELE-000003,A60-12W,A60 BOMBILLO LED 12W MARCA POWER BASE BLANCA E-27,ELE,UND,10.00,3,0.00,40.00,ACTIVE,PDF Cotizacion
MM-ELE-000004,A60-15W,No 16880 BOMBILLO LED 15W MARCA POWER BASE BLANCA E-27,ELE,UND,10.00,3,0.00,40.00,ACTIVE,PDF Cotizacion
MM-GEN-000005,BOMBILLO,LED GRANDE 125V 20W CLEVER FEDERALLI,GEN,UND,10.00,3,0.00,56.00,ACTIVE,PDF Cotizacion
MM-ELE-000005,T100,BOMBILLO LED GRANDE 125V 30W CLEVER FEDERALLI,ELE,UND,10.00,3,0.00,65.50,ACTIVE,PDF Cotizacion
MM-GEN-000006,BOMBILLO,LED GRANDE T112 40W CLEVER FEDERALLI,GEN,UND,10.00,3,0.00,78.00,ACTIVE,PDF Cotizacion
MM-ELE-000006,T135,BOMBILLO LED GRANDE T135 60W CLEVER FEDERALLI,ELE,UND,5.00,3,0.00,120.00,ACTIVE,PDF Cotizacion
MM-FIJ-000011,CLAMP,"HOSE BRIDA SIN FIN O ABRAZADERA 1/2"" WORKEY",FIJ,UND,1.00,3,0.00,2.90,ACTIVE,PDF Cotizacion
MM-HER-000002,PROV-0025,"1/2"" UDBM21 BROCA PARA CONCRETO 1/4"" X 6"" INGCO BLISTER",HER,UND,6.00,3,0.00,47.05,ACTIVE,PDF Cotizacion
MM-GEN-000007,BROCA,PARA CONCRETO 5/16X6 UDBM21105162 INGCO,GEN,UND,6.00,3,0.00,55.35,ACTIVE,PDF Cotizacion
MM-HER-000003,PROV-0027,105162 UDBM21 BROCA PARA CONCRETO 3/8X4-3/4 UDBM21103081,HER,UND,6.00,3,0.00,60.00,ACTIVE,PDF Cotizacion
MM-HER-000004,BCF102,BROCA PARA METAL HSS 1/2 SET 5 UND UYUSTOOLS,HER,UND,1.00,3,0.00,475.00,ACTIVE,PDF Cotizacion
MM-HER-000005,BCF104,BROCA PARA METAL HSS 1/4 (6.4MM) SET 10UNID,HER,UND,1.00,3,0.00,225.00,ACTIVE,PDF Cotizacion
MM-HER-000006,BCF108,"UYUSTOOL BROCA PARA METAL HSS 1/8"" (3.2MM) SET 10 UND",HER,UND,1.00,3,0.00,92.00,ACTIVE,PDF Cotizacion
MM-HER-000007,BCF316,UYUSTOOLS BROCA PARA METAL HSS 3/16(4.8MM) SET 10 UNID,HER,UND,1.00,3,0.00,150.00,ACTIVE,PDF Cotizacion
MM-HER-000008,BCF308,UYUSTOOLS BROCA PARA METAL HSS 3/8 (9.5MM) SET 5 UNID,HER,UND,1.00,3,0.00,260.70,ACTIVE,PDF Cotizacion
MM-HER-000009,BCF516,UYUSTOOL BROCA PARA METAL HSS 5/16 (7.9MM) SET 10 UNID,HER,UND,1.00,3,0.00,315.00,ACTIVE,PDF Cotizacion
MM-HER-000010,BCP708,BROCA PLANA PARA MADERA 7/8 UYUSTOOLS,HER,UND,3.00,3,0.00,34.00,ACTIVE,PDF Cotizacion
MM-HER-000011,BCP308,BROCA PLANA PARA MADERA 3/8 UYUSTOOLS,HER,UND,3.00,3,0.00,26.00,ACTIVE,PDF Cotizacion
MM-HER-000012,BCP001,BROCA PLANA PARA MADERA 1´´ UYUSTOOL,HER,UND,3.00,3,0.00,39.50,ACTIVE,PDF Cotizacion
MM-PIN-000001,BRO02U,"BROCHA 2"" PELO BLANCO UYUSTOOLS",PIN,UND,12.00,3,0.00,17.45,ACTIVE,PDF Cotizacion
MM-PIN-000002,BR0625,"BROCHA MANGO PLASTICO 2.5"" BRO625 UYUSTOOLS",PIN,UND,12.00,3,0.00,29.90,ACTIVE,PDF Cotizacion
MM-PIN-000003,BRO603,"BROCHA MANGO PLASTICO 3"" BRO603 UYUSTOOLS",PIN,UND,12.00,3,0.00,38.72,ACTIVE,PDF Cotizacion
MM-PIN-000004,BRO604,"BROCHA MANGO PLASTICO 4"" BRO604 UYUSTOOLS",PIN,UND,6.00,3,0.00,60.85,ACTIVE,PDF Cotizacion
MM-PIN-000005,BRO01U,"BROCHA PELO BLANCO 1"" UYUSTOOLS",PIN,UND,6.00,3,0.00,9.50,ACTIVE,PDF Cotizacion
MM-PIN-000006,BRO15U,BROCHA PELO BLANCO 11/2 UYUSTOOLS,PIN,UND,6.00,3,0.00,15.00,ACTIVE,PDF Cotizacion
MM-ELE-000007,FILP00,CAJA ELECTRICA 2X4 UL 1.5MM PESADA,ELE,UND,48.00,3,0.00,24.03,ACTIVE,PDF Cotizacion
MM-ELE-000008,FILP01,CAJA ELECTRICA 4X4 UL 1.5MM PESADA,ELE,UND,48.00,3,0.00,31.04,ACTIVE,PDF Cotizacion
MM-FIJ-000012,PROV-0045,CLK- CANDADO DE SEGURIDAD FORRADO 40MM CLEVER,FIJ,UND,4.00,3,0.00,99.00,ACTIVE,PDF Cotizacion
MM-FIJ-000013,HT90136,CANDADO DE SEGURIDAD FORRADO 45MM UDUKE,FIJ,UND,4.00,3,0.00,104.00,ACTIVE,PDF Cotizacion
MM-FIJ-000014,PROV-0047,CLK- CANDADO DE SEGURIDAD FORRADO 50MM CLEVER,FIJ,UND,4.00,3,0.00,136.00,ACTIVE,PDF Cotizacion
MM-FIJ-000015,HT90138,CANDADO DE SEGURIDAD FORRADO DE 70MM UDUKE,FIJ,UND,4.00,3,0.00,175.00,ACTIVE,PDF Cotizacion
MM-FIJ-000016,HT40149,CANDADO DORADO 63MM UDUKE,FIJ,UND,4.00,3,0.00,90.00,ACTIVE,PDF Cotizacion
MM-FIJ-000017,HT40148,CANDADO DORADO 50MM UDUKE,FIJ,UND,6.00,3,0.00,65.00,ACTIVE,PDF Cotizacion
MM-FIJ-000018,HT40147,CANDADO DORADO 38MM UDUKE,FIJ,UND,6.00,3,0.00,47.75,ACTIVE,PDF Cotizacion
MM-GEN-000008,HT2279,CENTRO PARA PANTRI 4´´ UDUKE,GEN,UND,1.00,3,0.00,61.74,ACTIVE,PDF Cotizacion
MM-HER-000013,HT3146,DISCO P/CORTE VIDRIO Y CERAMICA 4 1/2 HT3146,HER,UND,3.00,3,0.00,107.90,ACTIVE,PDF Cotizacion
MM-PLO-000001,P-10073,CENTRO PARA PANTRY 112MM P-10073 AQUA BLUE,PLO,UND,3.00,3,0.00,103.49,ACTIVE,PDF Cotizacion
MM-GEN-000009,HT30588,CEPILLO DE ALAMBRE NARANJA HT30588 UDUKE,GEN,UND,6.00,3,0.00,41.50,ACTIVE,PDF Cotizacion
MM-GEN-000010,ROS02F,CEPO DE HULE FYY,GEN,UND,6.00,3,0.00,19.50,ACTIVE,PDF Cotizacion
MM-PLO-000002,HT20176,CERRADURA DE PELOTA C/LLAVE CAFE OSCURO,PLO,UND,2.00,3,0.00,189.25,ACTIVE,PDF Cotizacion
MM-GEN-000011,CERRADURA,DE PELOTA DORADA 587PB FYY,GEN,UND,3.00,3,0.00,224.80,ACTIVE,PDF Cotizacion
MM-GEN-000012,CH102AB,CERROJO 102 AB FYY,GEN,UND,3.00,3,0.00,265.00,ACTIVE,PDF Cotizacion
MM-GEN-000013,CINCEL,DE PUNTA 4MM/16MM/250MM HCC0841016,GEN,UND,3.00,3,0.00,102.35,ACTIVE,PDF Cotizacion
MM-HER-000014,PROV-0061,016 HCC8304 CINCEL DE PUNTA C/PROTECTOR DE PUÑO,HER,UND,3.00,3,0.00,180.48,ACTIVE,PDF Cotizacion
MM-HER-000015,FL316A,CINTA FLEXO JH51 3MX16 UYUSTOOL,HER,UND,4.00,3,0.00,47.56,ACTIVE,PDF Cotizacion
MM-HER-000016,FL519A,CINTA FLEXO JH51 5MX19 UYUSTOOL,HER,UND,4.00,3,0.00,71.70,ACTIVE,PDF Cotizacion
MM-HER-000017,FL075A,CINTA FLEXO JH51 7.5MX25 UYUSTOOL,HER,UND,3.00,3,0.00,124.38,ACTIVE,PDF Cotizacion
MM-GEN-000014,CINTA,MALLA 2X300 PIE 50MM MX90MTS 8X8 50G,GEN,UND,6.00,3,0.00,85.00,ACTIVE,PDF Cotizacion
MM-ELE-000009,10323,CONECTOR CONDUIT DE 1/2 ARGOS( BOLSA 100UND),ELE,UND,100.00,3,0.00,295.00,ACTIVE,PDF Cotizacion
MM-ELE-000010,10322,CURVA CONDUIT 1/2 (PAQ.100UND) NACIONALES,ELE,UND,1.00,3,0.00,310.00,ACTIVE,PDF Cotizacion
MM-ELE-000011,CON02H,CONECTOR HEMBRA CROMADO S/POLO FYY,ELE,UND,6.00,3,0.00,15.00,ACTIVE,PDF Cotizacion
MM-ELE-000012,CON2HP,CONECTOR HEMBRA NEGRO S/POLO FYY,ELE,UND,6.00,3,0.00,15.00,ACTIVE,PDF Cotizacion
MM-GEN-000015,UNM14U,CONECTOR MACHO DE 1/4 NPT UYUSTOOLS,GEN,UND,3.00,3,0.00,28.78,ACTIVE,PDF Cotizacion
MM-PLO-000003,CONECTOR,"P/MANGUERA 1/2"" -3/4"" 3 PCS INGCO ISSA",PLO,UND,3.00,3,0.00,93.83,ACTIVE,PDF Cotizacion
MM-GEN-000016,CONECTOR,RAPIDO 1/4 HEMBRA UYUSTOOLS,GEN,UND,3.00,3,0.00,32.50,ACTIVE,PDF Cotizacion
MM-GEN-000017,CVU820,CORTAVIDRIO C/ACEITE TIPO RUEDA 8820 CVU820,GEN,UND,3.00,3,0.00,98.50,ACTIVE,PDF Cotizacion
MM-HER-000018,CUM106,"CUCHARA PARA ALBAÑIL 6"" UYUSTOOLS",HER,UND,3.00,3,0.00,67.30,ACTIVE,PDF Cotizacion
MM-HER-000019,CUM107,"CUCHARA PARA ALBAÑIL 7"" UYUSTOOLS",HER,UND,3.00,3,0.00,60.10,ACTIVE,PDF Cotizacion
MM-HER-000020,CUM108,"CUCHARA PARA ALBAÑIL 8"" UYUSTOOLS",HER,UND,3.00,3,0.00,71.25,ACTIVE,PDF Cotizacion
MM-HER-000021,CUA09P,"CUCHARA PARA ALBAÑIL 9"" UYUSTOOLS",HER,UND,3.00,3,0.00,80.20,ACTIVE,PDF Cotizacion
MM-HER-000022,CE1305,CUCHILLA MULTIUSO CE1305 18MM UYUSTOOLS.,HER,UND,6.00,3,0.00,39.00,ACTIVE,PDF Cotizacion
MM-HER-000023,HUK6128,CUCHILLA MULTIUSO METALICA 19X61MM HUK6128,HER,UND,3.00,3,0.00,149.10,ACTIVE,PDF Cotizacion
MM-GEN-000018,DESARMADOR,2 EN 1 (6.35X75MM) AKISD0202 INGCO,GEN,UND,3.00,3,0.00,52.55,ACTIVE,PDF Cotizacion
MM-GEN-000019,DESARMADOR,2EN1 (5X135MM) AKISD0203 INGCO,GEN,UND,3.00,3,0.00,56.10,ACTIVE,PDF Cotizacion
MM-HER-000024,DDU115H,DISCO CONCRETO DIAMOND 41/2 LISO UYUSTOOLS,HER,UND,3.00,3,0.00,80.20,ACTIVE,PDF Cotizacion
MM-HER-000025,HT30027,DISCO CONCRETO DIAMOND 4-1/2 SECO SEGMENTADO,HER,UND,3.00,3,0.00,65.00,ACTIVE,PDF Cotizacion
MM-HER-000026,HT30581,"UDUKE DISCO CONCRETO DIAMOND 7"" LISO CONTINUO",HER,UND,3.00,3,0.00,160.00,ACTIVE,PDF Cotizacion
MM-HER-000027,DDU230,"UDUKE DISCO CONCRETO DIAMOND 9"" SECO SEGMENTADO",HER,UND,3.00,3,0.00,395.00,ACTIVE,PDF Cotizacion
MM-HER-000028,DCM304,"UYUSTOOLS DISCO DE DESBASTE METAL 4"" ( 4 1/2X1/4X7/8)",HER,UND,1.00,3,0.00,31.65,ACTIVE,PDF Cotizacion
MM-HER-000029,DDP116,DISCO DE PULIR CONCRETO 4 1/2 TURBO UYUSTOOLS,HER,UND,2.00,3,0.00,336.00,ACTIVE,PDF Cotizacion
MM-GEN-000020,DISCO,"LIJA FLAP P/MADERA 4.5"" Nº 100 UYUSTOOLS",GEN,UND,5.00,3,0.00,33.90,ACTIVE,PDF Cotizacion
MM-GEN-000021,DISCO,"LIJA FLAP P/MADERA 4.5"" Nº 120 UYUSTOOLS",GEN,UND,5.00,3,0.00,33.90,ACTIVE,PDF Cotizacion
MM-HER-000030,DLF460M,"DISCO LIJA FLAP P/MADERA 4.5"" Nº 60 UYUSTOOLS",HER,UND,5.00,3,0.00,33.90,ACTIVE,PDF Cotizacion
MM-HER-000031,HT30595,"DISCO MADERA 4-1/2"" 24 DIENTES UDUKE",HER,UND,3.00,3,0.00,62.00,ACTIVE,PDF Cotizacion
MM-PLO-000004,HT1206,DUCHA REGADERA DE METAL CROMADA HL UDUKE,PLO,UND,3.00,3,0.00,118.00,ACTIVE,PDF Cotizacion
MM-PLO-000005,HT1205,DUCHA REGADERA HL-DP-12 HT1205 UDUKE,PLO,UND,3.00,3,0.00,110.50,ACTIVE,PDF Cotizacion
MM-GEN-000022,EBR104,"ECOBILLA REDONDA TRENZADA DE 4"" UYUSTOOLS",GEN,UND,3.00,3,0.00,95.00,ACTIVE,PDF Cotizacion
MM-GEN-000023,ELA808,ELASTICO 8MMX08MM UYUSTOOLS,GEN,UND,3.00,3,0.00,42.20,ACTIVE,PDF Cotizacion
MM-GEN-000024,ESCALERA,DE ALUMINIO 5 PIES WLD4H05 WADFOW,GEN,UND,1.00,3,0.00,2334.72,ACTIVE,PDF Cotizacion
MM-GEN-000025,EBC03B,"ESCOBILLA DE COPA 3"" BLISTER UYUSTOOLS",GEN,UND,3.00,3,0.00,95.00,ACTIVE,PDF Cotizacion
MM-GEN-000026,EBC13B,"ESCOBILLA DE COPA 3"" BLISTER UYUSTOOLS",GEN,UND,3.00,3,0.00,108.35,ACTIVE,PDF Cotizacion
MM-GEN-000027,EBC14B,ESCOBILLA DE COPA 4 BLISTER UYUSTOOL,GEN,UND,3.00,3,0.00,149.36,ACTIVE,PDF Cotizacion
MM-GEN-000028,EBR006,"ESCOBILLA REDONDA 6"" UYUSTOOLS",GEN,UND,3.00,3,0.00,80.50,ACTIVE,PDF Cotizacion
MM-GEN-000029,EBR004,"ESCOBILLA REDONDA DORADA 4"" UYUSTOOLS",GEN,UND,3.00,3,0.00,66.40,ACTIVE,PDF Cotizacion
MM-GEN-000030,EBT203,ESCOBILLA REDONDA P/TALADRO 3 PLANA 9772,GEN,UND,3.00,3,0.00,31.00,ACTIVE,PDF Cotizacion
MM-GEN-000031,EBR301,ESCOBILLA REDONDA SET 3 PCS,GEN,UND,3.00,3,0.00,66.50,ACTIVE,PDF Cotizacion
MM-GEN-000032,EBR501,ESCOBILLA REDONDA SET 5PCS UYUSTOOLS,GEN,UND,3.00,3,0.00,84.65,ACTIVE,PDF Cotizacion
MM-GEN-000033,EBL001,"ESCOBILLA TIPO LAPIZ 1"" UYUSTOOLS",GEN,UND,3.00,3,0.00,30.25,ACTIVE,PDF Cotizacion
MM-HER-000032,ECC812,"ESCUADRA DE 12"" (8X12) UYUSTOOLS",HER,UND,3.00,3,0.00,70.55,ACTIVE,PDF Cotizacion
MM-HER-000033,ECC024,"ESCUADRA DE 16""X24"" UYUSTOOLS",HER,UND,2.00,3,0.00,149.40,ACTIVE,PDF Cotizacion
MM-HER-000034,ECT007,"ESCUADRA TRIANGULAR DE ALUMNINIO 7""",HER,UND,3.00,3,0.00,163.90,ACTIVE,PDF Cotizacion
MM-GEN-000034,ESPATULA,"DE 2"" MANGO DE CAUCHO CLEVER",GEN,UND,3.00,3,0.00,28.12,ACTIVE,PDF Cotizacion
MM-GEN-000035,ESPATULA,"DE 3"" MANGO DE CAUCHO/CLEVER",GEN,UND,3.00,3,0.00,35.16,ACTIVE,PDF Cotizacion
MM-GEN-000036,ESPATULA,"DE 4"" MANGO DE CAUCHO CLEVER",GEN,UND,3.00,3,0.00,40.16,ACTIVE,PDF Cotizacion
MM-GEN-000037,ESPATULA,"DE 5"" MANGO DE CAUCHO CLEVER",GEN,UND,3.00,3,0.00,47.10,ACTIVE,PDF Cotizacion
MM-PIN-000007,EPG008,"ESPATULA DE GYPSON 8"" UYUSTOOLS",PIN,UND,2.00,3,0.00,107.00,ACTIVE,PDF Cotizacion
MM-PIN-000008,EPG010,"ESPATULA DE GYPSON DE 10"" UYUSTOOLS",PIN,UND,2.00,3,0.00,125.00,ACTIVE,PDF Cotizacion
MM-PIN-000009,EPG012,"ESPATULA DE GYPSON DE 12"" UYUSTOOLS",PIN,UND,2.00,3,0.00,128.00,ACTIVE,PDF Cotizacion
MM-PIN-000010,EPG006,"ESPATULA DE GYPSON DE 6"" UYUSTOOLS",PIN,UND,2.00,3,0.00,89.20,ACTIVE,PDF Cotizacion
MM-FIJ-000019,5/16X1,"UI- ESPICHE PLASTICO AZUL 5/16""X1-1/2"" (100 PCS )",FIJ,UND,2.00,3,0.00,61.50,ACTIVE,PDF Cotizacion
MM-FIJ-000020,1/2,"UI-1/4X1- ESPICHE PLASTICO VERDE 1/4X1-1/2"" (100 PCS)",FIJ,UND,2.00,3,0.00,55.00,ACTIVE,PDF Cotizacion
MM-PIN-000011,10510,FELPA DE 3/4X9 ANTIGOTA LIKA,PIN,UND,10.00,3,0.00,31.14,ACTIVE,PDF Cotizacion
MM-PIN-000012,10511,FELPA DE 3/8X4 ANTIGOTA LIKA,PIN,UND,10.00,3,0.00,22.00,ACTIVE,PDF Cotizacion
MM-PIN-000013,10505,FELPA DE 3/8X9 ANTIGOTA LIKA,PIN,UND,10.00,3,0.00,28.18,ACTIVE,PDF Cotizacion
MM-HER-000035,FUM05U,FUMIGADOR DE 5LTR UYUSTOOLS,HER,UND,1.00,3,0.00,530.95,ACTIVE,PDF Cotizacion
MM-FIJ-000021,GPC12B,Observación : GRAPA PARA CABLE BLANCA 12MM (100PCS),FIJ,UND,4.00,3,0.00,33.90,ACTIVE,PDF Cotizacion
MM-FIJ-000022,GPC10B,UYUSTOOLS GRAPA PARA CABLE BLANCO 10MM (100PCS),FIJ,UND,4.00,3,0.00,27.00,ACTIVE,PDF Cotizacion
MM-FIJ-000023,GPC08B,UYUSTOOLS GRAPA PARA CABLE BLANCO 8MM (100PCS),FIJ,UND,4.00,3,0.00,22.15,ACTIVE,PDF Cotizacion
MM-SEG-000001,GD1005,UYUSTOOLS GUANTE 1005 AMARILLO GD1005 (PAQ.12UND) FYY,SEG,UND,4.00,3,0.00,40.80,ACTIVE,PDF Cotizacion
MM-SEG-000002,GD2101,"GUANTE 2101 ROJO 10"" GD2101 FYY UYUSTOOLS",SEG,UND,4.00,3,0.00,44.95,ACTIVE,PDF Cotizacion
MM-GEN-000038,GUANTE,DE CUERO 10.5 FYY,GEN,UND,3.00,3,0.00,104.45,ACTIVE,PDF Cotizacion
MM-GEN-000039,GUANTE,DE SOLDADOR DE 16 FYY,GEN,UND,3.00,3,0.00,268.35,ACTIVE,PDF Cotizacion
MM-GEN-000040,NYP07T,HILO NYLON PARA PESCA TRANSPARENTE 0.7MM X,GEN,UND,5.00,3,0.00,28.35,ACTIVE,PDF Cotizacion
MM-GEN-000041,NYP08T,100M FERRAWYY UYUSTOOLS HILO NYLON PARA PESCA TRANSPARENTE 0.8MM X,GEN,UND,5.00,3,0.00,40.25,ACTIVE,PDF Cotizacion
MM-HER-000036,PROV-0132,100M FERRAWYY UYUSTOOLS WSS1B1 JUEGO DESARMADOR INTERCAMBIABLE,HER,UND,3.00,3,0.00,204.23,ACTIVE,PDF Cotizacion
MM-GEN-000042,868SS,CLK- JUEGO DE CERRADURA PARA PUERTA DE 2PZA,GEN,UND,2.00,3,0.00,387.00,ACTIVE,PDF Cotizacion
MM-HER-000037,JUEGO,DESARMADORES (2PCS) S2 HKSDS0228 INGCO,HER,UND,3.00,3,0.00,110.85,ACTIVE,PDF Cotizacion
MM-PLO-000006,DEC902,228 JUEGO LLAVE ALLEN DESTORN. COMPUTAC 9PCS,PLO,UND,3.00,3,0.00,189.50,ACTIVE,PDF Cotizacion
MM-PIN-000014,LZC001,LAPIZ CARPINTERO CAJA 12 UNID UYUSTOOLS,PIN,UND,1.00,3,0.00,63.65,ACTIVE,PDF Cotizacion
MM-SEG-000003,LEN03T,LENTE DE SEGURIDAD #301 TRANSPARENTE LEN03T,SEG,UND,4.00,3,0.00,41.50,ACTIVE,PDF Cotizacion
MM-SEG-000004,HSG06,LENTES DE PROTECCION NEGRO HSG06 INGCO ISSA,SEG,UND,4.00,3,0.00,67.02,ACTIVE,PDF Cotizacion
MM-HER-000038,LMR906,"LIMA Nº 211 REDONDA 6"" M/PLASTIC UYUSTOOLS",HER,UND,3.00,3,0.00,74.00,ACTIVE,PDF Cotizacion
MM-HER-000039,LMS906,"LIMA No.211 SEMI-REDONDA 6"" M/PLASTICO",HER,UND,3.00,3,0.00,110.00,ACTIVE,PDF Cotizacion
MM-GEN-000043,LNR001,LINTERNA RECARGABLE LED 1W LNR001 UYUSTOOL,GEN,UND,2.00,3,0.00,163.90,ACTIVE,PDF Cotizacion
MM-HER-000040,LLXD02,LLANA DENTADA ACERO INOX MANGO PLASTICO,HER,UND,3.00,3,0.00,229.01,ACTIVE,PDF Cotizacion
MM-HER-000041,LLXL01,11´´X4.5 UYUSTOOL LLANA LISA ACERO INOX MANGO PLASTICO 11´´X5´´,HER,UND,3.00,3,0.00,186.45,ACTIVE,PDF Cotizacion
MM-GEN-000044,LLAVE,"DE ANGULAR 1/2"" X3/8 X3/8""",GEN,UND,10.00,3,0.00,108.00,ACTIVE,PDF Cotizacion
MM-PLO-000007,YAS801,LLAVE ALLEN 8PCS SET 2.5-10MM,PLO,UND,3.00,3,0.00,117.82,ACTIVE,PDF Cotizacion
MM-PLO-000008,HT80327,LLAVE COPA EN T 10MM HT80327 UDUKE,PLO,UND,3.00,3,0.00,38.65,ACTIVE,PDF Cotizacion
MM-PLO-000009,HTY0005,LLAVE COMBINADA 10MM CR/V UDUKE,PLO,UND,3.00,3,0.00,26.30,ACTIVE,PDF Cotizacion
MM-PLO-000010,HTY0007,LLAVE COMBINADA 12MM CR/V UDUKE,PLO,UND,3.00,3,0.00,30.45,ACTIVE,PDF Cotizacion
MM-PLO-000011,HTY0008,LLAVE COMBINADA 13MM CR/V UDUKE,PLO,UND,3.00,3,0.00,33.20,ACTIVE,PDF Cotizacion
MM-PLO-000012,HTY0009,LLAVE COMBINADA 14MM CR/V UDUKE,PLO,UND,3.00,3,0.00,40.15,ACTIVE,PDF Cotizacion
MM-PLO-000013,HTY0010,LLAVE COMBINADA 15MM CR/V UDUKE,PLO,UND,3.00,3,0.00,42.90,ACTIVE,PDF Cotizacion
MM-PLO-000014,HTY0012,LLAVE COMBINADA 17MM HTY0012 UDUKE,PLO,UND,3.00,3,0.00,46.65,ACTIVE,PDF Cotizacion
MM-PLO-000015,YOV618,LLAVE COMBINADA 18MM FYY,PLO,UND,2.00,3,0.00,55.50,ACTIVE,PDF Cotizacion
MM-PLO-000016,HTY0014,LLAVE COMBINADA 19MM CR/V UDUKE,PLO,UND,2.00,3,0.00,62.25,ACTIVE,PDF Cotizacion
MM-PLO-000017,HTY0016,LLAVE COMBINADA 22MM CR/V UDUKE,PLO,UND,2.00,3,0.00,97.00,ACTIVE,PDF Cotizacion
MM-PLO-000018,HTY0017,LLAVE COMBINADA 23MM HTY0017 UDUKE,PLO,UND,2.00,3,0.00,110.25,ACTIVE,PDF Cotizacion
MM-PLO-000019,HT80328,LLAVE COPA EN T 11MM HT80328 UDUKE,PLO,UND,2.00,3,0.00,38.65,ACTIVE,PDF Cotizacion
MM-PLO-000020,HT80329,LLAVE COPA EN T 12MM HT80329 UDUKE,PLO,UND,2.00,3,0.00,38.65,ACTIVE,PDF Cotizacion
MM-PLO-000021,HT80330,LLAVE COPA EN T 13MM HT80330 UDUKE,PLO,UND,2.00,3,0.00,38.65,ACTIVE,PDF Cotizacion
MM-PLO-000022,HT80323,LLAVE COPA EN Y CORTA 14-17-19MM HT80323 UDUKE,PLO,UND,2.00,3,0.00,45.50,ACTIVE,PDF Cotizacion
MM-PLO-000023,HT80317,LLAVE COPA EN Y CORTA 8-10-12MM HT80317 UDUKE,PLO,UND,2.00,3,0.00,47.90,ACTIVE,PDF Cotizacion
MM-PLO-000024,YFP006,"LLAVE CRECE 6"" AMAR UYUSTOOLS",PLO,UND,3.00,3,0.00,106.19,ACTIVE,PDF Cotizacion
MM-GEN-000045,LLAVE,"CRECE 8"" 200MM HADW131082 INGCO",GEN,UND,3.00,3,0.00,148.00,ACTIVE,PDF Cotizacion
MM-GEN-000046,LLAVE,"CRECE 10"" 250MM HADW131102 INGCO",GEN,UND,3.00,3,0.00,212.95,ACTIVE,PDF Cotizacion
MM-GEN-000047,LLAVE,"DE ANGULO RECTA 1/2""X3/8"" NPT",GEN,UND,10.00,3,0.00,108.00,ACTIVE,PDF Cotizacion
MM-PLO-000025,HT1230,LLAVE DE BOLA CROMADA DE 1/2 UDUKE,PLO,UND,3.00,3,0.00,72.29,ACTIVE,PDF Cotizacion
MM-PLO-000026,HT1514,LLAVE DE CHORRO PARA JARDIN CROMADA UDUKE,PLO,UND,4.00,3,0.00,115.00,ACTIVE,PDF Cotizacion
MM-PLO-000027,XPV102,LLAVE CHORRO DE BLANCA PVC 1/2 FYY,PLO,UND,1.00,3,0.00,28.00,ACTIVE,PDF Cotizacion
MM-PLO-000028,P-11696,LLAVE DE DUCHA INDIVIDUAL 1/2 BRONCE C/ACRILICA,PLO,UND,3.00,3,0.00,377.92,ACTIVE,PDF Cotizacion
MM-PLO-000029,P-11695,NEGRA P-11696 AQUA BLUE LLAVE DE DUCHA INDIVIDUAL 1/2 DE BRONCE,PLO,UND,3.00,3,0.00,377.92,ACTIVE,PDF Cotizacion
MM-PLO-000030,HT1201,LLAVE DE LAVAMANOS INDIVIDUAL UDUKE,PLO,UND,3.00,3,0.00,143.07,ACTIVE,PDF Cotizacion
MM-PLO-000031,P-10027,"LLAVE DE PASE 1/2"" DE BRONCE P-10027 AQUA BLUE",PLO,UND,3.00,3,0.00,159.32,ACTIVE,PDF Cotizacion
MM-PLO-000032,HT1229,No 16899 LLAVE DE PASE PARA DUCHA DE CRUCETA 1/2 HT1229,PLO,UND,3.00,3,0.00,250.25,ACTIVE,PDF Cotizacion
MM-GEN-000048,LLAVE,"DOBLE DE ANGULO 1/2"" X 3/8"" X3/8"" PESADA",GEN,UND,6.00,3,0.00,114.00,ACTIVE,PDF Cotizacion
MM-PLO-000033,LLAVE,DOBLE PARA PANTRY WZD1523 WADFOW ISSA,PLO,UND,2.00,3,0.00,485.00,ACTIVE,PDF Cotizacion
MM-PLO-000034,HT20125,"LLAVE PASE LISO PVC 1/2"" UDUKE",PLO,UND,12.00,3,0.00,20.00,ACTIVE,PDF Cotizacion
MM-PLO-000035,P-11647,LLAVE PARA PANTRY FLEXIBLE SENCILLA,PLO,UND,2.00,3,0.00,615.07,ACTIVE,PDF Cotizacion
MM-GEN-000049,MACHETE,"26"" WNU0126 WADFOW ISSA",GEN,UND,2.00,3,0.00,148.94,ACTIVE,PDF Cotizacion
MM-GEN-000050,MACHETE,"24"" WNU0124 WADFOW ISSA",GEN,UND,2.00,3,0.00,148.94,ACTIVE,PDF Cotizacion
MM-GEN-000051,MACHETE,"20"" WNU0120 WADFOW ISSA",GEN,UND,2.00,3,0.00,128.68,ACTIVE,PDF Cotizacion
MM-GEN-000052,MACHETE,"16"" WNU0116 WADFOW ISSA",GEN,UND,2.00,3,0.00,124.70,ACTIVE,PDF Cotizacion
MM-GEN-000053,PALA,CUADRADA MANGO LARGO FEDERALLI,GEN,UND,2.00,3,0.00,295.00,ACTIVE,PDF Cotizacion
MM-GEN-000054,PALA,CUADRADA MANGO CORTO FEDERALLI,GEN,UND,2.00,3,0.00,245.00,ACTIVE,PDF Cotizacion
MM-HER-000042,PROV-0184,W519S FDS- PALA REDONDA DE MANGO LARGO DE MADERA,HER,UND,2.00,3,0.00,275.00,ACTIVE,PDF Cotizacion
MM-HER-000043,PROV-0185,W518R-L FEDERALLI FDS- PALA REDONDA DE MANGO CORTO PLASTICO,HER,UND,2.00,3,0.00,245.00,ACTIVE,PDF Cotizacion
MM-PIN-000015,HT80118,"MANERAL CON FELPA EPOXICA 9"" UDUKE",PIN,UND,6.00,3,0.00,65.00,ACTIVE,PDF Cotizacion
MM-GEN-000055,10512,"MANERAL SEMI-PROFESIONAL DE 4"" LIKA",GEN,UND,3.00,3,0.00,35.00,ACTIVE,PDF Cotizacion
MM-PLO-000036,MGR308,MANGUERA DE GAS REFORZADA TRANSPARENTE,PLO,UND,1.00,3,0.00,745.45,ACTIVE,PDF Cotizacion
MM-PLO-000037,MG1225,MANGUERA PARA JARDIN 1/2X2MMX25FT FYY,PLO,UND,1.00,3,0.00,283.50,ACTIVE,PDF Cotizacion
MM-GEN-000056,MCN008,MARCO SIERRA 8-12 UYUSTOOLS,GEN,UND,2.00,3,0.00,132.60,ACTIVE,PDF Cotizacion
MM-HER-000044,MAD002,MARTILLO DELUXE M/GOMA 16 ONZ UYUSTOOL,HER,UND,2.00,3,0.00,171.50,ACTIVE,PDF Cotizacion
MM-HER-000045,MAD001,MARTILLO DELUXE M/MADERA 16ONZ UYUSTOOL,HER,UND,2.00,3,0.00,163.90,ACTIVE,PDF Cotizacion
MM-HER-000046,PROV-0193,HCH8102 MARTILLO MANGO DE FIBRA DE VIDRIO 27MM,HER,UND,2.00,3,0.00,193.65,ACTIVE,PDF Cotizacion
MM-SEG-000005,WM128,MASCARA PARA SOLDAR 110X90MM WM128 INGCO,SEG,UND,2.00,3,0.00,190.60,ACTIVE,PDF Cotizacion
MM-HER-000047,HT90106,MAZO DE HULE 16 OZ MANGO/MADERA HT90106,HER,UND,3.00,3,0.00,61.55,ACTIVE,PDF Cotizacion
MM-HER-000048,HT1540,MAZO DE HULE SILICONADO VERDE 340 GRS HT1540,HER,UND,2.00,3,0.00,87.25,ACTIVE,PDF Cotizacion
MM-HER-000049,HT1541,UDUKE MAZO DE HULE SILICONADO VERDE 425 GRS HT1541,HER,UND,2.00,3,0.00,106.50,ACTIVE,PDF Cotizacion
MM-HER-000050,PROV-0198,UDUKE HSTH820 MAZO MANGO DE FIBRA ERGO 2000G (4.40 LBS),HER,UND,2.00,3,0.00,384.50,ACTIVE,PDF Cotizacion
MM-HER-000051,HT2067,MULTIMETRO ELECTRONICO 600V UDUKE,HER,UND,2.00,3,0.00,350.00,ACTIVE,PDF Cotizacion
MM-HER-000052,NIP012,"NIVEL DE ALUMINIO CON PLASTICO 12"" UYUSTOOLS",HER,UND,2.00,3,0.00,184.00,ACTIVE,PDF Cotizacion
MM-HER-000053,NIP016,"NIVEL DE ALUMINIO CON PLASTICO 16"" UYUSTOOLS",HER,UND,2.00,3,0.00,214.00,ACTIVE,PDF Cotizacion
MM-HER-000054,NIP018,"NIVEL DE ALUMINIO CON PLASTICO 18"" UYUSTOOLS",HER,UND,2.00,3,0.00,227.20,ACTIVE,PDF Cotizacion
MM-HER-000055,NIP024,"NIVEL DE ALUMINIO CON PLASTICO 24"" UYUSTOOLS",HER,UND,2.00,3,0.00,278.36,ACTIVE,PDF Cotizacion
MM-PLO-000038,SS-8050,PANA PANTRY SENCILLA ESCURRIDERO IZQUIERDO,PLO,UND,1.00,3,0.00,755.95,ACTIVE,PDF Cotizacion
MM-FIJ-000024,PID115,"PASADOR DE 1 1/2"" BLISTER UYUSTOOLS",FIJ,UND,6.00,3,0.00,19.90,ACTIVE,PDF Cotizacion
MM-FIJ-000025,PID103,"PASADOR DE 3"" BLISTER UYUSTOOL",FIJ,UND,6.00,3,0.00,32.50,ACTIVE,PDF Cotizacion
MM-FIJ-000026,PID104,"PASADOR DE 4"" BLISTER UYUSTOOL",FIJ,UND,3.00,3,0.00,40.50,ACTIVE,PDF Cotizacion
MM-FIJ-000027,PID102,"PASADOR DORADO 2"" PID102 UYUSTOOLS",FIJ,UND,6.00,3,0.00,20.55,ACTIVE,PDF Cotizacion
MM-FIJ-000028,PID125,"PASADOR DORADO 2.5"" PID125 UYUSTOOLS",FIJ,UND,6.00,3,0.00,26.10,ACTIVE,PDF Cotizacion
MM-GEN-000057,PEGA,INSTANTEANEA SUPER GLUE 3G INGCO,GEN,UND,1.00,3,0.00,72.43,ACTIVE,PDF Cotizacion
